date,imsak,subuh,terbit,dzuhur,ashar,maghrib,isya
2027-01-01,04:11,04:21,05:39,11:47,15:11,17:48,19:02
2027-01-02,04:12,04:22,05:40,11:48,15:12,17:49,19:03
2027-01-03,04:12,04:22,05:40,11:48,15:12,17:49,19:03
2027-01-04,04:13,04:23,05:40,11:49,15:12,17:50,19:04
2027-01-05,04:13,04:23,05:41,11:49,15:13,17:50,19:04
2027-01-06,04:14,04:24,05:41,11:50,15:13,17:51,19:04
2027-01-07,04:14,04:24,05:42,11:50,15:14,17:51,19:05
2027-01-08,04:15,04:25,05:42,11:50,15:14,17:52,19:05
2027-01-09,04:15,04:25,05:43,11:51,15:14,17:52,19:06
2027-01-10,04:16,04:26,05:43,11:51,15:15,17:52,19:06
2027-01-11,04:16,04:26,05:43,11:52,15:15,17:53,19:06
2027-01-12,04:17,04:27,05:44,11:52,15:16,17:53,19:07
2027-01-13,04:17,04:27,05:44,11:52,15:16,17:54,19:07
2027-01-14,04:18,04:28,05:45,11:53,15:16,17:54,19:07
2027-01-15,04:18,04:28,05:45,11:53,15:17,17:54,19:07
2027-01-16,04:19,04:29,05:45,11:54,15:17,17:55,19:08
2027-01-17,04:19,04:29,05:46,11:54,15:17,17:55,19:08
2027-01-18,04:20,04:30,05:46,11:54,15:17,17:55,19:08
2027-01-19,04:20,04:30,05:46,11:55,15:18,17:56,19:09
2027-01-20,04:20,04:30,05:47,11:55,15:18,17:56,19:09
2027-01-21,04:21,04:31,05:47,11:55,15:18,17:56,19:09
2027-01-22,04:21,04:31,05:47,11:55,15:18,17:57,19:09
2027-01-23,04:22,04:32,05:47,11:56,15:18,17:57,19:09
2027-01-24,04:22,04:32,05:48,11:56,15:18,17:57,19:09
2027-01-25,04:22,04:32,05:48,11:56,15:19,17:58,19:10
2027-01-26,04:23,04:33,05:48,11:56,15:19,17:58,19:10
2027-01-27,04:23,04:33,05:48,11:57,15:19,17:58,19:10
2027-01-28,04:23,04:33,05:48,11:57,15:19,17:58,19:10
2027-01-29,04:23,04:33,05:49,11:57,15:19,17:59,19:10
2027-01-30,04:24,04:34,05:49,11:57,15:19,17:59,19:10
2027-01-31,04:24,04:34,05:49,11:57,15:19,17:59,19:10
2027-02-01,04:24,04:34,05:49,11:58,15:19,17:59,19:10
2027-02-02,04:25,04:35,05:49,11:58,15:19,17:59,19:10
2027-02-03,04:25,04:35,05:49,11:58,15:19,17:59,19:10
2027-02-04,04:25,04:35,05:49,11:58,15:19,18:00,19:10
2027-02-05,04:25,04:35,05:49,11:58,15:19,18:00,19:10
2027-02-06,04:25,04:35,05:49,11:58,15:19,18:00,19:10
2027-02-07,04:26,04:36,05:49,11:58,15:18,18:00,19:10
2027-02-08,04:26,04:36,05:50,11:58,15:18,18:00,19:10
2027-02-09,04:26,04:36,05:50,11:58,15:18,18:00,19:10
2027-02-10,04:26,04:36,05:50,11:58,15:18,18:00,19:10
2027-02-11,04:26,04:36,05:50,11:58,15:18,18:00,19:10
2027-02-12,04:26,04:36,05:50,11:58,15:17,18:00,19:10
2027-02-13,04:26,04:36,05:49,11:58,15:17,18:00,19:10
2027-02-14,04:26,04:36,05:49,11:58,15:17,18:00,19:10
2027-02-15,04:26,04:36,05:49,11:58,15:17,18:00,19:10
2027-02-16,04:26,04:36,05:49,11:58,15:16,18:00,19:10
2027-02-17,04:26,04:36,05:49,11:58,15:16,18:00,19:10
2027-02-18,04:26,04:36,05:49,11:58,15:16,18:00,19:10
2027-02-19,04:26,04:36,05:49,11:58,15:15,18:00,19:09
2027-02-20,04:26,04:36,05:49,11:58,15:15,18:00,19:09
2027-02-21,04:26,04:36,05:49,11:58,15:14,18:00,19:09
2027-02-22,04:26,04:36,05:49,11:58,15:14,18:00,19:09
2027-02-23,04:26,04:36,05:48,11:58,15:13,18:00,19:09
2027-02-24,04:26,04:36,05:48,11:57,15:13,18:00,19:09
2027-02-25,04:26,04:36,05:48,11:57,15:12,18:00,19:08
2027-02-26,04:26,04:36,05:48,11:57,15:12,17:59,19:08
2027-02-27,04:26,04:36,05:48,11:57,15:11,17:59,19:08
2027-02-28,04:26,04:36,05:48,11:57,15:11,17:59,19:08
2027-03-01,04:26,04:36,05:47,11:57,15:10,17:59,19:08
2027-03-02,04:25,04:35,05:47,11:56,15:09,17:59,19:07
2027-03-03,04:25,04:35,05:47,11:56,15:09,17:59,19:07
2027-03-04,04:25,04:35,05:47,11:56,15:08,17:58,19:07
2027-03-05,04:25,04:35,05:46,11:56,15:07,17:58,19:07
2027-03-06,04:25,04:35,05:46,11:56,15:06,17:58,19:06
2027-03-07,04:25,04:35,05:46,11:55,15:06,17:58,19:06
2027-03-08,04:24,04:34,05:46,11:55,15:05,17:58,19:06
2027-03-09,04:24,04:34,05:45,11:55,15:04,17:57,19:06
2027-03-10,04:24,04:34,05:45,11:55,15:03,17:57,19:05
2027-03-11,04:24,04:34,05:45,11:54,15:03,17:57,19:05
2027-03-12,04:23,04:33,05:44,11:54,15:02,17:57,19:05
2027-03-13,04:23,04:33,05:44,11:54,15:01,17:57,19:05
2027-03-14,04:23,04:33,05:44,11:54,15:00,17:56,19:04
2027-03-15,04:22,04:32,05:44,11:53,14:59,17:56,19:04
2027-03-16,04:22,04:32,05:43,11:53,14:58,17:56,19:04
2027-03-17,04:22,04:32,05:43,11:53,14:57,17:56,19:04
2027-03-18,04:22,04:32,05:43,11:53,14:56,17:55,19:03
2027-03-19,04:21,04:31,05:42,11:52,14:55,17:55,19:03
2027-03-20,04:21,04:31,05:42,11:52,14:54,17:55,19:03
2027-03-21,04:21,04:31,05:42,11:52,14:53,17:55,19:03
2027-03-22,04:20,04:30,05:41,11:51,14:52,17:54,19:02
2027-03-23,04:20,04:30,05:41,11:51,14:51,17:54,19:02
2027-03-24,04:20,04:30,05:41,11:51,14:50,17:54,19:02
2027-03-25,04:19,04:29,05:40,11:50,14:50,17:54,19:02
2027-03-26,04:19,04:29,05:40,11:50,14:50,17:53,19:01
2027-03-27,04:19,04:29,05:40,11:50,14:51,17:53,19:01
2027-03-28,04:18,04:28,05:39,11:50,14:51,17:53,19:01
2027-03-29,04:18,04:28,05:39,11:49,14:52,17:53,19:01
2027-03-30,04:17,04:27,05:39,11:49,14:52,17:52,19:00
2027-03-31,04:17,04:27,05:38,11:49,14:53,17:52,19:00
2027-04-01,04:17,04:27,05:38,11:48,14:53,17:52,19:00
2027-04-02,04:16,04:26,05:38,11:48,14:53,17:51,19:00
2027-04-03,04:16,04:26,05:37,11:48,14:54,17:51,19:00
2027-04-04,04:16,04:26,05:37,11:47,14:54,17:51,18:59
2027-04-05,04:15,04:25,05:37,11:47,14:54,17:51,18:59
2027-04-06,04:15,04:25,05:36,11:47,14:55,17:50,18:59
2027-04-07,04:14,04:24,05:36,11:47,14:55,17:50,18:59
2027-04-08,04:14,04:24,05:36,11:46,14:55,17:50,18:59
2027-04-09,04:14,04:24,05:35,11:46,14:56,17:50,18:58
2027-04-10,04:13,04:23,05:35,11:46,14:56,17:49,18:58
2027-04-11,04:13,04:23,05:35,11:45,14:56,17:49,18:58
2027-04-12,04:12,04:22,05:34,11:45,14:56,17:49,18:58
2027-04-13,04:12,04:22,05:34,11:45,14:57,17:49,18:58
2027-04-14,04:12,04:22,05:34,11:45,14:57,17:49,18:58
2027-04-15,04:11,04:21,05:34,11:44,14:57,17:48,18:57
2027-04-16,04:11,04:21,05:33,11:44,14:57,17:48,18:57
2027-04-17,04:11,04:21,05:33,11:44,14:58,17:48,18:57
2027-04-18,04:10,04:20,05:33,11:44,14:58,17:48,18:57
2027-04-19,04:10,04:20,05:32,11:44,14:58,17:48,18:57
2027-04-20,04:10,04:20,05:32,11:43,14:58,17:47,18:57
2027-04-21,04:09,04:19,05:32,11:43,14:58,17:47,18:57
2027-04-22,04:09,04:19,05:32,11:43,14:59,17:47,18:57
2027-04-23,04:08,04:18,05:31,11:43,14:59,17:47,18:57
2027-04-24,04:08,04:18,05:31,11:42,14:59,17:47,18:57
2027-04-25,04:08,04:18,05:31,11:42,14:59,17:47,18:57
2027-04-26,04:07,04:17,05:31,11:42,14:59,17:46,18:57
2027-04-27,04:07,04:17,05:31,11:42,15:00,17:46,18:56
2027-04-28,04:07,04:17,05:30,11:42,15:00,17:46,18:56
2027-04-29,04:07,04:17,05:30,11:42,15:00,17:46,18:56
2027-04-30,04:06,04:16,05:30,11:42,15:00,17:46,18:56
2027-05-01,04:06,04:16,05:30,11:41,15:00,17:46,18:56
2027-05-02,04:06,04:16,05:30,11:41,15:00,17:46,18:56
2027-05-03,04:05,04:15,05:30,11:41,15:01,17:46,18:57
2027-05-04,04:05,04:15,05:29,11:41,15:01,17:46,18:57
2027-05-05,04:05,04:15,05:29,11:41,15:01,17:46,18:57
2027-05-06,04:05,04:15,05:29,11:41,15:01,17:46,18:57
2027-05-07,04:04,04:14,05:29,11:41,15:01,17:46,18:57
2027-05-08,04:04,04:14,05:29,11:41,15:01,17:45,18:57
2027-05-09,04:04,04:14,05:29,11:41,15:02,17:45,18:57
2027-05-10,04:04,04:14,05:29,11:41,15:02,17:45,18:57
2027-05-11,04:04,04:14,05:29,11:41,15:02,17:45,18:57
2027-05-12,04:03,04:13,05:29,11:41,15:02,17:45,18:57
2027-05-13,04:03,04:13,05:29,11:41,15:02,17:45,18:57
2027-05-14,04:03,04:13,05:29,11:41,15:03,17:45,18:57
2027-05-15,04:03,04:13,05:28,11:41,15:03,17:46,18:58
2027-05-16,04:03,04:13,05:28,11:41,15:03,17:46,18:58
2027-05-17,04:03,04:13,05:28,11:41,15:03,17:46,18:58
2027-05-18,04:03,04:13,05:28,11:41,15:03,17:46,18:58
2027-05-19,04:02,04:12,05:28,11:41,15:03,17:46,18:58
2027-05-20,04:02,04:12,05:28,11:41,15:04,17:46,18:58
2027-05-21,04:02,04:12,05:29,11:41,15:04,17:46,18:59
2027-05-22,04:02,04:12,05:29,11:41,15:04,17:46,18:59
2027-05-23,04:02,04:12,05:29,11:41,15:04,17:46,18:59
2027-05-24,04:02,04:12,05:29,11:41,15:04,17:46,18:59
2027-05-25,04:02,04:12,05:29,11:41,15:05,17:46,18:59
2027-05-26,04:02,04:12,05:29,11:41,15:05,17:46,19:00
2027-05-27,04:02,04:12,05:29,11:41,15:05,17:47,19:00
2027-05-28,04:02,04:12,05:29,11:41,15:05,17:47,19:00
2027-05-29,04:02,04:12,05:29,11:41,15:06,17:47,19:00
2027-05-30,04:02,04:12,05:29,11:42,15:06,17:47,19:00
2027-05-31,04:02,04:12,05:29,11:42,15:06,17:47,19:01
2027-06-01,04:02,04:12,05:29,11:42,15:06,17:47,19:01
2027-06-02,04:02,04:12,05:30,11:42,15:06,17:47,19:01
2027-06-03,04:02,04:12,05:30,11:42,15:07,17:48,19:01
2027-06-04,04:02,04:12,05:30,11:42,15:07,17:48,19:02
2027-06-05,04:02,04:12,05:30,11:42,15:07,17:48,19:02
2027-06-06,04:02,04:12,05:30,11:43,15:07,17:48,19:02
2027-06-07,04:02,04:12,05:30,11:43,15:08,17:48,19:02
2027-06-08,04:03,04:13,05:30,11:43,15:08,17:49,19:03
2027-06-09,04:03,04:13,05:31,11:43,15:08,17:49,19:03
2027-06-10,04:03,04:13,05:31,11:43,15:08,17:49,19:03
2027-06-11,04:03,04:13,05:31,11:44,15:09,17:49,19:03
2027-06-12,04:03,04:13,05:31,11:44,15:09,17:49,19:04
2027-06-13,04:03,04:13,05:31,11:44,15:09,17:50,19:04
2027-06-14,04:03,04:13,05:32,11:44,15:09,17:50,19:04
2027-06-15,04:04,04:14,05:32,11:44,15:10,17:50,19:05
2027-06-16,04:04,04:14,05:32,11:45,15:10,17:50,19:05
2027-06-17,04:04,04:14,05:32,11:45,15:10,17:51,19:05
2027-06-18,04:04,04:14,05:32,11:45,15:10,17:51,19:05
2027-06-19,04:04,04:14,05:33,11:45,15:11,17:51,19:05
2027-06-20,04:04,04:14,05:33,11:46,15:11,17:51,19:06
2027-06-21,04:05,04:15,05:33,11:46,15:11,17:51,19:06
2027-06-22,04:05,04:15,05:33,11:46,15:11,17:52,19:06
2027-06-23,04:05,04:15,05:34,11:46,15:11,17:52,19:06
2027-06-24,04:05,04:15,05:34,11:46,15:12,17:52,19:07
2027-06-25,04:06,04:16,05:34,11:47,15:12,17:52,19:07
2027-06-26,04:06,04:16,05:34,11:47,15:12,17:52,19:07
2027-06-27,04:06,04:16,05:34,11:47,15:12,17:53,19:07
2027-06-28,04:06,04:16,05:35,11:47,15:12,17:53,19:07
2027-06-29,04:07,04:17,05:35,11:47,15:13,17:53,19:07
2027-06-30,04:07,04:17,05:35,11:48,15:13,17:53,19:08
2027-07-01,04:07,04:17,05:35,11:48,15:13,17:53,19:08
2027-07-02,04:07,04:17,05:35,11:48,15:13,17:54,19:08
2027-07-03,04:08,04:18,05:36,11:48,15:13,17:54,19:08
2027-07-04,04:08,04:18,05:36,11:48,15:13,17:54,19:08
2027-07-05,04:08,04:18,05:36,11:49,15:13,17:54,19:08
2027-07-06,04:08,04:18,05:36,11:49,15:14,17:54,19:08
2027-07-07,04:09,04:19,05:36,11:49,15:14,17:54,19:09
2027-07-08,04:09,04:19,05:37,11:49,15:14,17:55,19:09
2027-07-09,04:09,04:19,05:37,11:49,15:14,17:55,19:09
2027-07-10,04:09,04:19,05:37,11:49,15:14,17:55,19:09
2027-07-11,04:09,04:19,05:37,11:50,15:14,17:55,19:09
2027-07-12,04:10,04:20,05:37,11:50,15:14,17:55,19:09
2027-07-13,04:10,04:20,05:37,11:50,15:14,17:55,19:09
2027-07-14,04:10,04:20,05:38,11:50,15:14,17:55,19:09
2027-07-15,04:10,04:20,05:38,11:50,15:14,17:55,19:09
2027-07-16,04:11,04:21,05:38,11:50,15:14,17:56,19:09
2027-07-17,04:11,04:21,05:38,11:50,15:14,17:56,19:09
2027-07-18,04:11,04:21,05:38,11:50,15:14,17:56,19:09
2027-07-19,04:11,04:21,05:38,11:50,15:14,17:56,19:09
2027-07-20,04:11,04:21,05:38,11:50,15:14,17:56,19:09
2027-07-21,04:12,04:22,05:38,11:51,15:14,17:56,19:09
2027-07-22,04:12,04:22,05:38,11:51,15:14,17:56,19:09
2027-07-23,04:12,04:22,05:38,11:51,15:14,17:56,19:09
2027-07-24,04:12,04:22,05:38,11:51,15:14,17:56,19:09
2027-07-25,04:12,04:22,05:39,11:51,15:14,17:56,19:08
2027-07-26,04:13,04:23,05:39,11:51,15:14,17:56,19:08
2027-07-27,04:13,04:23,05:39,11:51,15:13,17:56,19:08
2027-07-28,04:13,04:23,05:39,11:51,15:13,17:56,19:08
2027-07-29,04:13,04:23,05:39,11:51,15:13,17:56,19:08
2027-07-30,04:13,04:23,05:39,11:51,15:13,17:56,19:08
2027-07-31,04:13,04:23,05:39,11:51,15:13,17:56,19:08
2027-08-01,04:13,04:23,05:39,11:51,15:12,17:56,19:07
2027-08-02,04:13,04:23,05:39,11:51,15:12,17:55,19:07
2027-08-03,04:13,04:23,05:39,11:50,15:12,17:55,19:07
2027-08-04,04:14,04:24,05:39,11:50,15:12,17:55,19:07
2027-08-05,04:14,04:24,05:38,11:50,15:11,17:55,19:07
2027-08-06,04:14,04:24,05:38,11:50,15:11,17:55,19:06
2027-08-07,04:14,04:24,05:38,11:50,15:11,17:55,19:06
2027-08-08,04:14,04:24,05:38,11:50,15:10,17:55,19:06
2027-08-09,04:14,04:24,05:38,11:50,15:10,17:55,19:05
2027-08-10,04:14,04:24,05:38,11:50,15:09,17:54,19:05
2027-08-11,04:14,04:24,05:38,11:50,15:09,17:54,19:05
2027-08-12,04:14,04:24,05:38,11:49,15:09,17:54,19:05
2027-08-13,04:14,04:24,05:38,11:49,15:08,17:54,19:04
2027-08-14,04:14,04:24,05:38,11:49,15:08,17:54,19:04
2027-08-15,04:14,04:24,05:37,11:49,15:07,17:53,19:04
2027-08-16,04:14,04:24,05:37,11:49,15:07,17:53,19:03
2027-08-17,04:14,04:24,05:37,11:48,15:06,17:53,19:03
2027-08-18,04:14,04:24,05:37,11:48,15:06,17:53,19:03
2027-08-19,04:13,04:23,05:37,11:48,15:05,17:52,19:02
2027-08-20,04:13,04:23,05:36,11:48,15:04,17:52,19:02
2027-08-21,04:13,04:23,05:36,11:48,15:04,17:52,19:02
2027-08-22,04:13,04:23,05:36,11:47,15:03,17:52,19:01
2027-08-23,04:13,04:23,05:36,11:47,15:02,17:51,19:01
2027-08-24,04:13,04:23,05:36,11:47,15:02,17:51,19:00
2027-08-25,04:13,04:23,05:35,11:47,15:01,17:51,19:00
2027-08-26,04:13,04:23,05:35,11:46,15:00,17:50,19:00
2027-08-27,04:13,04:23,05:35,11:46,15:00,17:50,18:59
2027-08-28,04:12,04:22,05:35,11:46,14:59,17:50,18:59
2027-08-29,04:12,04:22,05:34,11:45,14:58,17:49,18:58
2027-08-30,04:12,04:22,05:34,11:45,14:57,17:49,18:58
2027-08-31,04:12,04:22,05:34,11:45,14:57,17:49,18:58
2027-09-01,04:12,04:22,05:34,11:44,14:56,17:48,18:57
2027-09-02,04:11,04:21,05:33,11:44,14:55,17:48,18:57
2027-09-03,04:11,04:21,05:33,11:44,14:54,17:48,18:56
2027-09-04,04:11,04:21,05:33,11:44,14:53,17:47,18:56
2027-09-05,04:11,04:21,05:33,11:43,14:52,17:47,18:55
2027-09-06,04:11,04:21,05:32,11:43,14:52,17:47,18:55
2027-09-07,04:10,04:20,05:32,11:43,14:51,17:46,18:55
2027-09-08,04:10,04:20,05:32,11:42,14:50,17:46,18:54
2027-09-09,04:10,04:20,05:31,11:42,14:49,17:45,18:54
2027-09-10,04:10,04:20,05:31,11:41,14:48,17:45,18:53
2027-09-11,04:09,04:19,05:31,11:41,14:47,17:45,18:53
2027-09-12,04:09,04:19,05:30,11:41,14:46,17:44,18:52
2027-09-13,04:09,04:19,05:30,11:40,14:45,17:44,18:52
2027-09-14,04:09,04:19,05:30,11:40,14:44,17:43,18:52
2027-09-15,04:08,04:18,05:29,11:40,14:43,17:43,18:51
2027-09-16,04:08,04:18,05:29,11:39,14:42,17:43,18:51
2027-09-17,04:08,04:18,05:29,11:39,14:41,17:42,18:50
2027-09-18,04:07,04:17,05:28,11:39,14:39,17:42,18:50
2027-09-19,04:07,04:17,05:28,11:38,14:38,17:41,18:50
2027-09-20,04:07,04:17,05:28,11:38,14:37,17:41,18:49
2027-09-21,04:06,04:16,05:27,11:38,14:37,17:41,18:49
2027-09-22,04:06,04:16,05:27,11:37,14:38,17:40,18:48
2027-09-23,04:06,04:16,05:27,11:37,14:38,17:40,18:48
2027-09-24,04:06,04:16,05:27,11:37,14:38,17:40,18:48
2027-09-25,04:05,04:15,05:26,11:36,14:39,17:39,18:47
2027-09-26,04:05,04:15,05:26,11:36,14:39,17:39,18:47
2027-09-27,04:05,04:15,05:26,11:35,14:39,17:38,18:46
2027-09-28,04:04,04:14,05:25,11:35,14:40,17:38,18:46
2027-09-29,04:04,04:14,05:25,11:35,14:40,17:38,18:46
2027-09-30,04:04,04:14,05:25,11:34,14:40,17:37,18:45
2027-10-01,04:03,04:13,05:24,11:34,14:41,17:37,18:45
2027-10-02,04:03,04:13,05:24,11:34,14:41,17:37,18:45
2027-10-03,04:03,04:13,05:24,11:33,14:41,17:36,18:44
2027-10-04,04:02,04:12,05:24,11:33,14:41,17:36,18:44
2027-10-05,04:02,04:12,05:23,11:33,14:42,17:35,18:44
2027-10-06,04:02,04:12,05:23,11:33,14:42,17:35,18:43
2027-10-07,04:01,04:11,05:23,11:32,14:42,17:35,18:43
2027-10-08,04:01,04:11,05:22,11:32,14:42,17:34,18:43
2027-10-09,04:01,04:11,05:22,11:32,14:43,17:34,18:43
2027-10-10,04:01,04:11,05:22,11:31,14:43,17:34,18:42
2027-10-11,04:00,04:10,05:22,11:31,14:43,17:34,18:42
2027-10-12,04:00,04:10,05:22,11:31,14:43,17:33,18:42
2027-10-13,04:00,04:10,05:21,11:31,14:43,17:33,18:42
2027-10-14,03:59,04:09,05:21,11:30,14:44,17:33,18:41
2027-10-15,03:59,04:09,05:21,11:30,14:44,17:32,18:41
2027-10-16,03:59,04:09,05:21,11:30,14:44,17:32,18:41
2027-10-17,03:59,04:09,05:20,11:30,14:44,17:32,18:41
2027-10-18,03:58,04:08,05:20,11:29,14:44,17:32,18:41
2027-10-19,03:58,04:08,05:20,11:29,14:45,17:31,18:40
2027-10-20,03:58,04:08,05:20,11:29,14:45,17:31,18:40
2027-10-21,03:58,04:08,05:20,11:29,14:45,17:31,18:40
2027-10-22,03:57,04:07,05:20,11:29,14:45,17:31,18:40
2027-10-23,03:57,04:07,05:20,11:29,14:45,17:31,18:40
2027-10-24,03:57,04:07,05:19,11:28,14:45,17:30,18:40
2027-10-25,03:57,04:07,05:19,11:28,14:46,17:30,18:40
2027-10-26,03:56,04:06,05:19,11:28,14:46,17:30,18:40
2027-10-27,03:56,04:06,05:19,11:28,14:46,17:30,18:40
2027-10-28,03:56,04:06,05:19,11:28,14:46,17:30,18:40
2027-10-29,03:56,04:06,05:19,11:28,14:46,17:30,18:40
2027-10-30,03:56,04:06,05:19,11:28,14:47,17:30,18:40
2027-10-31,03:56,04:06,05:19,11:28,14:47,17:30,18:40
2027-11-01,03:56,04:06,05:19,11:28,14:47,17:30,18:40
2027-11-02,03:55,04:05,05:19,11:28,14:47,17:29,18:40
2027-11-03,03:55,04:05,05:19,11:28,14:47,17:29,18:40
2027-11-04,03:55,04:05,05:19,11:28,14:48,17:29,18:40
2027-11-05,03:55,04:05,05:19,11:28,14:48,17:29,18:40
2027-11-06,03:55,04:05,05:19,11:28,14:48,17:29,18:40
2027-11-07,03:55,04:05,05:19,11:28,14:48,17:29,18:40
2027-11-08,03:55,04:05,05:19,11:28,14:49,17:29,18:40
2027-11-09,03:55,04:05,05:19,11:28,14:49,17:29,18:40
2027-11-10,03:55,04:05,05:19,11:28,14:49,17:30,18:41
2027-11-11,03:55,04:05,05:19,11:28,14:49,17:30,18:41
2027-11-12,03:55,04:05,05:20,11:28,14:50,17:30,18:41
2027-11-13,03:55,04:05,05:20,11:28,14:50,17:30,18:41
2027-11-14,03:55,04:05,05:20,11:28,14:50,17:30,18:41
2027-11-15,03:55,04:05,05:20,11:29,14:51,17:30,18:42
2027-11-16,03:55,04:05,05:20,11:29,14:51,17:30,18:42
2027-11-17,03:55,04:05,05:20,11:29,14:51,17:30,18:42
2027-11-18,03:55,04:05,05:21,11:29,14:51,17:30,18:42
2027-11-19,03:55,04:05,05:21,11:29,14:52,17:31,18:43
2027-11-20,03:55,04:05,05:21,11:29,14:52,17:31,18:43
2027-11-21,03:56,04:06,05:21,11:30,14:52,17:31,18:43
2027-11-22,03:56,04:06,05:22,11:30,14:53,17:31,18:44
2027-11-23,03:56,04:06,05:22,11:30,14:53,17:32,18:44
2027-11-24,03:56,04:06,05:22,11:31,14:53,17:32,18:44
2027-11-25,03:56,04:06,05:22,11:31,14:54,17:32,18:45
2027-11-26,03:56,04:06,05:23,11:31,14:54,17:32,18:45
2027-11-27,03:57,04:07,05:23,11:31,14:55,17:33,18:46
2027-11-28,03:57,04:07,05:23,11:32,14:55,17:33,18:46
2027-11-29,03:57,04:07,05:24,11:32,14:55,17:33,18:46
2027-11-30,03:57,04:07,05:24,11:32,14:56,17:34,18:47
2027-12-01,03:58,04:08,05:25,11:33,14:56,17:34,18:47
2027-12-02,03:58,04:08,05:25,11:33,14:57,17:34,18:48
2027-12-03,03:58,04:08,05:25,11:34,14:57,17:35,18:48
2027-12-04,03:59,04:09,05:26,11:34,14:58,17:35,18:49
2027-12-05,03:59,04:09,05:26,11:34,14:58,17:35,18:49
2027-12-06,03:59,04:09,05:27,11:35,14:58,17:36,18:50
2027-12-07,04:00,04:10,05:27,11:35,14:59,17:36,18:50
2027-12-08,04:00,04:10,05:27,11:36,14:59,17:37,18:50
2027-12-09,04:00,04:10,05:28,11:36,15:00,17:37,18:51
2027-12-10,04:01,04:11,05:28,11:36,15:00,17:38,18:51
2027-12-11,04:01,04:11,05:29,11:37,15:01,17:38,18:52
2027-12-12,04:01,04:11,05:29,11:37,15:01,17:38,18:52
2027-12-13,04:02,04:12,05:30,11:38,15:02,17:39,18:53
2027-12-14,04:02,04:12,05:30,11:38,15:02,17:39,18:53
2027-12-15,04:03,04:13,05:31,11:39,15:03,17:40,18:54
2027-12-16,04:03,04:13,05:31,11:39,15:03,17:40,18:54
2027-12-17,04:04,04:14,05:32,11:40,15:04,17:41,18:55
2027-12-18,04:04,04:14,05:32,11:40,15:04,17:41,18:55
2027-12-19,04:05,04:15,05:33,11:41,15:05,17:42,18:56
2027-12-20,04:05,04:15,05:33,11:41,15:05,17:42,18:56
2027-12-21,04:06,04:16,05:34,11:42,15:06,17:43,18:57
2027-12-22,04:06,04:16,05:34,11:42,15:06,17:43,18:57
2027-12-23,04:07,04:17,05:35,11:43,15:07,17:44,18:58
2027-12-24,04:07,04:17,05:35,11:43,15:07,17:44,18:58
2027-12-25,04:08,04:18,05:36,11:44,15:08,17:45,18:59
2027-12-26,04:08,04:18,05:36,11:44,15:08,17:45,18:59
2027-12-27,04:09,04:19,05:37,11:45,15:09,17:46,19:00
2027-12-28,04:09,04:19,05:37,11:45,15:09,17:46,19:00
2027-12-29,04:10,04:20,05:38,11:46,15:10,17:47,19:01
2027-12-30,04:10,04:20,05:38,11:46,15:10,17:47,19:01
2027-12-31,04:11,04:21,05:39,11:47,15:11,17:48,19:02
